{"conflict": 0.8184784765549521, "similarity": 0.8549107804017894, "knowledge": 0.5558013547550549, "power": 0.944096300531836, "status": 0.547299369356849, "support": 0.5083391610313864, "identity": 0.5063081636148341, "romance": 0.8167551083360757, "trust": 0.585200906532971, "fun": 0.7147785827756565}