{"conflict": 0.4307594341891152, "similarity": 0.25042258473959833, "knowledge": 0.7951832256864669, "power": 0.2077113337193926, "status": 0.3232280425727367, "support": 0.0542994892224669, "identity": 0.37557719512419263, "romance": 1, "trust": 0.17556890451442433, "fun": 0.41641424761878115}