,Open,High,Low,Close,Volume,Market Cap
Open,1.0,0.9995590357212483,0.9991759915369782,0.9988883870302785,0.7469699761974092,0.9987308701775124
High,0.9995590357212483,1.0,0.9991085855747375,0.9995093906286385,0.7504944349719782,0.9992594280405906
Low,0.9991759915369782,0.9991085855747375,1.0,0.9994280321214793,0.7395191461021996,0.9993582118287584
Close,0.9988883870302785,0.9995093906286385,0.9994280321214793,1.0,0.7457909318281688,0.9997983920259538
Volume,0.7469699761974092,0.7504944349719782,0.7395191461021996,0.7457909318281688,1.0,0.7440272104131438
Market Cap,0.9987308701775124,0.9992594280405906,0.9993582118287584,0.9997983920259538,0.7440272104131438,1.0
