,Open,High,Low,Close,Volume,Market Cap
Open,1.0,0.9967142876718464,0.9931164771497396,0.9922507929723513,0.5601224942647407,0.9893343607910116
High,0.9967142876718464,1.0,0.9925856250181859,0.9962436384853443,0.5892732881577972,0.9923224344716151
Low,0.9931164771497396,0.9925856250181859,1.0,0.9960527236297662,0.5131580249659329,0.9938325638442402
Close,0.9922507929723513,0.9962436384853443,0.9960527236297662,1.0,0.5581714469141046,0.996535073108853
Volume,0.5601224942647407,0.5892732881577972,0.5131580249659329,0.5581714469141046,1.0,0.5326638395677561
Market Cap,0.9893343607910116,0.9923224344716151,0.9938325638442402,0.996535073108853,0.5326638395677561,1.0
