,Open,High,Low,Close,Volume,Market Cap
Open,1.0,0.9993740139937262,0.9986142266863341,0.9982259130574748,0.6521012561600844,0.9976667570619604
High,0.9993740139937262,1.0,0.998501024678794,0.9991038856342765,0.6590380682643555,0.9983258137710529
Low,0.9986142266863341,0.998501024678794,1.0,0.9991353973238022,0.6387675466019708,0.9987777263405836
Close,0.9982259130574748,0.9991038856342765,0.9991353973238022,1.0,0.6501838811226666,0.9993386545954762
Volume,0.6521012561600844,0.6590380682643555,0.6387675466019708,0.6501838811226666,1.0,0.6499934790915052
Market Cap,0.9976667570619604,0.9983258137710529,0.9987777263405836,0.9993386545954762,0.6499934790915052,1.0
