,Open,High,Low,Close,Volume,Market Cap
Open,1.0,0.9985514774393142,0.9981786249665914,0.9970088586321737,0.7312659726708832,0.99577785090351
High,0.9985514774393142,1.0,0.9978350502294415,0.9988625465562747,0.7493664801006227,0.997019287470078
Low,0.9981786249665914,0.9978350502294415,1.0,0.9982954165803521,0.7148747902198161,0.9974636652451025
Close,0.9970088586321737,0.9988625465562747,0.9982954165803521,1.0,0.7371836821427739,0.9983156971146037
Volume,0.7312659726708832,0.7493664801006227,0.7148747902198161,0.7371836821427739,1.0,0.7356311118657162
Market Cap,0.99577785090351,0.997019287470078,0.9974636652451025,0.9983156971146037,0.7356311118657162,1.0
