,Open,High,Low,Close,Volume,Market Cap
Open,1.0,0.9958262075611711,0.9943372499501206,0.9933623235937167,0.5195871499223533,0.9862876452300656
High,0.9958262075611711,1.0,0.9919609469604109,0.9966926419218197,0.5397377555576913,0.9870225642448849
Low,0.9943372499501206,0.9919609469604109,1.0,0.9959642330783788,0.5047837932323653,0.9914256559972056
Close,0.9933623235937167,0.9966926419218197,0.9959642330783788,1.0,0.5284684348426775,0.9928438418213835
Volume,0.5195871499223533,0.5397377555576913,0.5047837932323653,0.5284684348426775,1.0,0.5494991058110653
Market Cap,0.9862876452300656,0.9870225642448849,0.9914256559972056,0.9928438418213835,0.5494991058110653,1.0
